model,model_load_time_s,model_disk_size_gb,task,n_samples,f1,precision,recall,tokens_per_sec,mean_ttft_ms,mean_output_tokens,peak_memory_gb,exact_match,accuracy,json_parse_rate,faithfulness_rate,macro_f1
qwen,1.13,1.999,extraction,150,0.5637,0.6144,0.5281,27.12,40.9,58.8,1.001,,,0.1267,,
qwen,1.13,1.999,rag_qa,200,30.4214,,,35.34,30.3,17.6,1.942,4.5,,,0.055,
qwen,1.13,1.999,classification,200,,,,13.42,22.2,3.8,2.28,,0.155,,,0.0309
phi,33.67,15.289,extraction,150,0.5614,0.5556,0.5719,7.66,402.2,84.2,0.423,,,0.0,,
phi,33.67,15.289,rag_qa,200,69.1078,,,6.45,419.5,9.6,0.741,47.0,,,0.565,
phi,33.67,15.289,classification,200,,,,2.38,2034.4,7.2,0.23,,0.74,,,0.2543
llama,3.2,25.725,extraction,150,0.6316,0.6279,0.6478,8.91,21.0,45.8,2.605,,,1.0,,
llama,3.2,25.725,rag_qa,200,38.47,,,8.11,23.5,15.3,3.231,10.0,,,0.035,
llama,3.2,25.725,classification,200,,,,2.65,17.2,4.0,0.922,,0.67,,,0.1699
